{"cameraMode":{"drawMode":0,"name":"Shaded","section":"Shading Mode"},"sceneLighting":true,"audioPlay":false,"sceneViewState":{"showFog":false,"showMaterialUpdate":false,"showSkybox":false,"showFlares":false,"showImageEffects":false,"showParticleSystems":true},"in2DMode":false,"pivot":{"x":0.7664533853530884,"y":-22.26681137084961,"z":21.61000633239746},"rotation":{"x":-0.3412986397743225,"y":0.007609780412167311,"z":-0.00276383850723505,"w":-0.9399200677871704},"size":51.95218276977539,"orthographic":false}